Workbook

Sheet 요약
A1: 여행영어 AI 서비스 — 배포 장애 시나리오 트래커
A2: 기준 커밋: seongbin45/codyssey_final @ cfcfccc (New-add-backend) | 배포: 2026-10-06 16:41Z (KST 10/07 01:41) | 이 브랜치는 움직입니다
A4: 0. 배포 정보 (로그 확인)
A5: 서비스명 | B5: codyssey-final
A6: URL | B6: https://codyssey-final.onrender.com
A7: 배포 시각 | B7: 2026-10-06 16:41Z
A8: 빌드 | B8: 성공
A9: 상태 | B9: live
A10: 배포 브랜치 / SHA | B10: **미확인 — Deploys 페이지에서 확인 필요**
A11: 1. 전체 현황
A12: 구분 | B12: 값 | D12: 판정 | E12: 건수 | F12: 담당(제안) | G12: 건수
A13: 총 시나리오 | B13: =COUNTA(시나리오_트래커!$A$3:$A$15) -> 13 | D13: No-Go | E13: =COUNTIF(시나리오_트래커!$F$3:$F$15,"No-Go") -> 6 | F13: 최성빈 | G13: =COUNTIF(시나리오_트래커!$G$3:$G$15,"최성빈") -> 13
A14: 첫 배포에서 나오는 것 | B14: =COUNTIF(시나리오_트래커!$D$3:$D$15,"Y") -> 6 | D14: 제한 Go | E14: =COUNTIF(시나리오_트래커!$F$3:$F$15,"제한 Go") -> 5 | F14: 미정 (프론트) | G14: =COUNTIF(시나리오_트래커!$G$3:$G$15,"미정 (프론트)") -> 0
A15: 이후에나 나오는 것 | B15: =COUNTIF(시나리오_트래커!$D$3:$D$15,"N") -> 7 | D15: 재시도 | E15: =COUNTIF(시나리오_트래커!$F$3:$F$15,"재시도") -> 1 | F15: 담당 확정 | G15: =COUNTIF(시나리오_트래커!$H$3:$H$15,"확정") -> 0
A16: 담당 확정 / 미확정 | B16: =COUNTIF(시나리오_트래커!$H$3:$H$15,"확정")&" / "&COUNTIF(시나리오_트래커!$H$3:$H$15,"미확정") -> 0 / 13 | D16: Go | E16: =COUNTIF(시나리오_트래커!$F$3:$F$15,"Go") -> 1 | F16: 담당 미확정 | G16: =COUNTIF(시나리오_트래커!$H$3:$H$15,"미확정") -> 13
A17: 실제 발생 기록됨 | B17: =COUNTIF(시나리오_트래커!$M$3:$M$15,"발생")+COUNTIF(시나리오_트래커!$M$3:$M$15,"복구")+COUNTIF(시나리오_트래커!$M$3:$M$15,"재발") -> 0 | D17: 합계 | E17: =SUM(E13:E16) -> 13
A19: 2. 경고 — 읽고 넘어가세요
A20: 배포 성공 · 본문 미확인 | B20: 2026-10-06 16:41Z 빌드 성공, live, GET / 200. 그러나 /health **본문**과 배포된 SHA·브랜치는 아직 모릅니다. 이 둘이 없으면 F02·F03·F04 를 채울 수 없습니다.
A21: 서비스명이 render.yaml과 다름 | B21: render.yaml 은 `codyssey-api`, 실제 서비스는 `codyssey-final`. PYTHON_VERSION 도 3.11.9 미적용(로그는 cp310 휠) → **Blueprint 로 만든 서비스가 아닐 가능성**. 배포 방식 확인 필요.
A22: 단일 장애점 | B22: 대응 담당이 최성빈 13건 전부입니다. 대리 담당을 지금 지정하세요.
A23: 담당 전원 미확정 | B23: 역할 배정이 팀 합의 전이라 '담당 확정'은 0/13입니다. 담당(제안) 열은 제안입니다.
A24: 증거 등급 3단계 유지 | B24: 구현됨 → 합성·로컬 테스트 확인 → 실환경 확인. '배포 로그 확인(부분)'은 HTTP 응답까지만 본 것입니다 — 내용·정확성은 별개.
A25: F07은 판정 대상이 아님 | B25: 콜드스타트는 Go/No-Go가 아니라 60초 재시도입니다. 이분법에 넣으면 시연 중 엉뚱한 롤백을 합니다.
A27: 3. 증거 등급 (코드·로그 기준)
A29: 해당 없음 | B29: =COUNTIF(시나리오_트래커!$L$3:$L$15,A29) -> 4 | C29: F01 · F07 · F08 · F10
A30: 구현됨 · 실환경 미검증 | B30: =COUNTIF(시나리오_트래커!$L$3:$L$15,A30) -> 2 | C30: F02 · F03
A31: 외부 조치 | B31: =COUNTIF(시나리오_트래커!$L$3:$L$15,A31) -> 1 | C31: F04
A32: 부분 구현 | B32: =COUNTIF(시나리오_트래커!$L$3:$L$15,A32) -> 2 | C32: F05 · F06
A33: 미착수 | B33: =COUNTIF(시나리오_트래커!$L$3:$L$15,A33) -> 1 | C33: F11
A34: 합성·로컬 테스트 확인 | B34: =COUNTIF(시나리오_트래커!$L$3:$L$15,A34) -> 2 | C34: F09 · F13
A35: 배포 로그 확인 (부분) | B35: =COUNTIF(시나리오_트래커!$L$3:$L$15,A35) -> 1 | C35: F12
A37: '배포 로그 확인(부분)'은 정적 서빙 HTTP 응답까지만 본 것입니다. 화면 내용·API 호출·응답 정확성은 별개입니다.
A38: 출처 — Render 공식 문서(free · rollbacks.md · deploys) · 런북 §3·§4·§7 · 배포 로그 2026-10-06 · seongbin45/codyssey_final @ cfcfccc

Sheet 시나리오_트래커
A1: 채우는 칸: H(담당 확정) · M(상태) · N(발생일) · O(비고) — 예시) 담당 확정 '확정', 상태 '발생', 발생일 '2026-10-07'. L(구현 상태)는 cfcfccc 코드 + 2026-10-06 배포 로그 기준이며 근거 없이 고치지 마세요.
A2: ID | B2: 증상 | C2: 발생 트리거 | D2: 첫 배포 | E2: 게이트 | F2: 판정 | G2: 담당(제안) | H2: 담당 확정 | I2: 지원 | J2: 즉시 조치 | K2: 확인 방법 | L2: 구현 상태 | M2: 상태 | N2: 발생일 | O2: 비고
A3: F01 | B3: Blueprint가 render.yaml을 못 찾음 (배포 자체가 안 됨) | C3: 새 서비스 생성 시 | D3: Y | E3: 사전 | F3: No-Go | G3: 최성빈 | H3: 미확정 | I3: — | J3: render.yaml을 배포 브랜치에 두고, Blueprint는 **기본 브랜치**에서 찾으므로 대시보드에서 브랜치를 명시 선택 | K3: Deploys 페이지의 배포 방식(Blueprint/수동) 확인 | L3: 해당 없음 | M3: 미발생 | N3: — | O3: 이번 서비스명이 render.yaml(codyssey-api)이 아니라 codyssey-final → **Blueprint 미사용 가능성**. 배포 방식 확인 필요
A4: F02 | B4: 배포는 됐는데 categories: [] → /generate 전부 404 | C4: 첫 배포 | D4: Y | E4: G2 | F4: No-Go | G4: 최성빈 | H4: 미확정 | I4: — | J4: CONTRACT_DIR 는 **이미 코드에서 수정됨**. 그래도 비면 ① 환경변수 CONTRACT_DIR 오설정 ② 실행 위치(rootDir) 순서로 확인 | K4: /health 의 contract_dir · categories | L4: 구현됨 · 실환경 미검증 | M4: 미발생 | N4: — | O4: 코드 경로는 REPO_ROOT/agent_contract 로 고정. 배포 로그상 앱 기동 성공 — categories 값은 /health 본문 필요
A5: F03 | B5: 검증이 꺼진 채 '정상'으로 보임 (가장 위험) | C5: 첫 배포 | D5: Y | E5: G2 | F5: No-Go | G5: 최성빈 | H5: 미확정 | I5: — | J5: CONFIG_STRICT=1 로 고정. config_problems 내용별로 jsonschema 설치·schema.json 배치 확인 | K5: /health 의 config_problems · schema_checker · status | L5: 구현됨 · 실환경 미검증 | M5: 미발생 | N5: — | O5: 배포 로그에 **jsonschema-4.26.0 설치 확인** → schema_checker 는 true 여야 함. 본문 미확인
A6: F04 | B6: has_api_key: false — 목업으로 돌고 있음 | C6: 키 미등록 시 상시 | D6: Y | E6: G3 | F6: 제한 Go | G6: 최성빈 | H6: 미확정 | I6: — | J6: Render Environment 에 GEMINI_API_KEY 등록 → 자동 재시작 | K6: /health has_api_key · /generate mock | L6: 외부 조치 | M6: 미발생 | N6: — | O6: google-genai-2.28.0 은 로그상 설치됨. 키 등록 여부는 미확인 — /health 본문 필요
A7: F07 | B7: 콜드스타트 — 첫 요청이 30~60초 | C7: 상시 | D7: Y | E7: G1 | F7: 재시도 | G7: 최성빈 | H7: 미확정 | I7: — | J7: T-10분 예열(curl /health). 판정 대상 아님 — 60초 재시도가 정답 | K7: 스톱워치로 첫 요청 시간 측정 | L7: 해당 없음 | M7: 미발생 | N7: — | O7: 배포 로그상 기동 후 계속 응답 — 현재는 스핀다운 상태가 아님. 시연 전 재확인 필요
A8: F08 | B8: 빌드 실패 | C8: 배포 시 | D8: Y | E8: G1 | F8: No-Go | G8: 최성빈 | H8: 미확정 | I8: — | J8: 빌드 로그에서 실패 단계 확인 → 로컬 재현 → 재배포. 캐시 의심 시 Clear build cache | K8: Deploys 페이지 빌드 로그 | L8: 해당 없음 | M8: 미발생 | N8: — | O8: **2026-10-06 16:41Z 빌드 성공** — 이번엔 미발생. 의존성 5종이 requirements.txt 핀과 일치
A9: F05 | B9: Gemini 429 — 할당량·레이트 초과 | C9: 키 등록 직후 | D9: N | E9: G3 | F9: 제한 Go | G9: 최성빈 | H9: 미확정 | I9: — | J9: 대기 → RATE_LIMIT 상향 → 사전 생성 후 저장으로 전환 | K9: /generate error(429 · RESOURCE_EXHAUSTED) · 서버 로그 | L9: 부분 구현 | M9: 미발생 | N9: — | O9: 재시도(MAX_RETRIES=2)·attempts 응답 구현. 실제 429 미검증
A10: F06 | B10: Gemini 503/500 — 모델 장애 | C10: 키 등록 직후 | D10: N | E10: G3 | F10: 제한 Go | G10: 최성빈 | H10: 미확정 | I10: — | J10: 대기 5~15분 → GEMINI_MODEL 우회 → 스냅샷 시연 전환 | K10: Google Cloud 상태 페이지 · /generate error(503) | L10: 부분 구현 | M10: 미발생 | N10: — | O10: 재시도 + degraded 반환 구현. 실제 503 미검증
A11: F11 | B11: 비용 폭주 / API 키 노출 의심 | C11: 키 등록 직후 | D11: N | E11: — | F11: No-Go | G11: 최성빈 | H11: 미확정 | I11: — | J11: 키 재발급 = 즉시 차단 → 할당량 한도 설정 → ALLOW_ORIGINS 축소 | K11: Google Cloud · AI Studio 사용량 | L11: 미착수 | M11: 미발생 | N11: — | O11: 콘솔 설정. 예산 알림은 자동 차단이 아님 — 할당량 한도가 실질 상한
A12: F09 | B12: 검증 실패 결과가 학습 화면으로 넘어감 (품질 사고) | C12: 프론트 연동 후 | D12: N | E12: G5 | F12: 제한 Go | G12: 최성빈 | H12: 미확정 | I12: — | J12: usable 게이트 유지. 목업은 배지로 구분 | K12: /generate usable 값 · 화면 표시 여부 | L12: 합성·로컬 테스트 확인 | M12: 미발생 | N12: — | O12: 합성 테스트 · 범위: 클라이언트 응답 분기만 — 서버 의미 판정 정확성은 미검증 · 근거: 응답 분기: degraded 우선 폐기
A13: F12 | B13: 프론트가 죽은 백엔드를 가리킴 (CORS · URL) | C13: 프론트 연동 후 | D13: N | E13: G5 | F13: Go | G13: 최성빈 | H13: 미확정 | I13: — | J13: 화면과 API가 **같은 서비스**에서 서빙되면 ALLOW_ORIGINS 는 불필요. 별도 도메인일 때만 추가 | K13: 브라우저에서 화면 렌더링 확인 · /generate 호출 확인 | L13: 배포 로그 확인 (부분) | M13: 미발생 | N13: — | O13: 배포 로그: **GET / 200 · HEAD / 200** → 정적 서빙 응답 확인. 내용 렌더링·API 호출은 미확인
... A15: F10 | B15: 무료 인스턴스 시간·대역폭 소진으로 서비스 정지 | C15: 운영 1개월 이상 | D15: N | E15: — | F15: No-Go | G15: 최성빈 | H15: 미확정 | I15: 함명자 (일정 통제) | J15: 상시 트래픽 제거 → Billing 확인 → 로컬/스냅샷 시연 전환 | K15: Render Billing → Monthly Included Usage | L15: 해당 없음 | M15: 미발생 | N15: — | O15: 10월은 31일=744시간, 한도 750시간 → **상시 가동 1개면 여유 6시간**. 두 번째 서비스 추가 시 초과
O16: 즉시 조치·비고는 런북 원문과 대조했고, 구현 상태는 코드와 배포 로그 기준입니다. 브랜치가 움직이므로 재확인 필요.

Sheet 게이트_매핑
A1: 배포 직후 게이트 → 시나리오 매핑
A2: /health 응답의 필드를 위에서 아래로 확인합니다. 하나라도 어긋나면 배포 실패로 간주하고 해당 F 절차로 갑니다.
A4: 게이트 | B4: 확인 대상 | C4: 정상 값 | D4: 아니면 (시나리오) | E4: 판정 | F4: 첫 배포
A5: G1 | B5: 서비스 응답 | C5: HTTP 200 · /health 가 JSON 반환 | D5: F01 render.yaml 없음 · F07 콜드스타트 · F08 빌드 실패 | E5: No-Go (F07은 재시도) | F5: Y
A6: G2 | B6: 계약 로드 | C6: categories = ["restaurant"] · contract_dir = 저장소루트/agent_contract · schema_checker = true · status = ok | D6: F02 categories 빈 배열 · F03 schema_checker false·degraded | E6: No-Go | F6: Y
A7: G3 | B7: AI 실동작 | C7: has_api_key = true · mock = false · usable = ok | D7: F04 키 미등록 · F05 429 · F06 503 | E7: 제한 Go | F7: Y (F04만)
A8: G4 | B8: 음성(멀티모달) | C8: usable = true · heard 가 비어 있지 않음 | D8: 음성 실패 → 멀티모달 요건이 걸림 | E8: 제한 Go | F8: N
A9: G5 | B9: 프론트 연동 | C9: 화면이 같은 서비스에서 서빙(GET / 200) · 입력→생성→카드→녹음→진도 1회 통과. **같은 출처면 ALLOW_ORIGINS 불필요** | D9: F09 usable 무시 · F12 별도 도메인일 때 CORS | E9: Go (백엔드 단독) | F9: N
A11: 2026-10-06 배포 로그 기준: GET / 200 · HEAD / 200 · GET /health 200 확인. /health **본문**은 미확인.
A12: 게이트 규칙: 하나라도 어긋나면 프론트를 붙이지 않습니다. 수정 후에는 반드시 G1부터 다시 확인합니다.

Sheet 담당_확정
A1: 담당 배정 — 팀 합의 후 '담당 확정'을 확정으로 바꾸세요
A2: 역할 배정은 아직 팀 합의 전입니다. 아래는 제안이며 확정이 아닙니다. 배포 담당 부재 시 대응이 전부 멈추므로 대리 담당을 반드시 지정하세요.
A4: 이름 | B4: GitHub 계정 | C4: 역할 (제안) | D4: 담당 확정 | E4: 확인일 | F4: 비고
A5: 최성빈 | B5: seongbin45 | C5: 배포·백엔드·프론트 연동·통합 · 대응 13건 | D5: 미확정 | F5: 시나리오 13건 전부 단독 담당 — 대리 필수
A6: 한재정 | B6: (upstream owner — 확인 필요) | C6: upstream 저장소 소유 · PR #1 머지 승인 | D6: 미확정 | F6: PR #1 이 2026-09-22부터 open (미확인 상태)
A7: 함명자 | B7: — | C7: 팀장 · 문서 · 발표 · lodging 카테고리 | D7: 미확정 | F7: 일정 통제(F10) 지원
A8: 이영애 | B8: — | C8: restaurant 카테고리 (기준 파일 있음) | D8: 미확정 | F8: 상황 10개 작성
A9: 이창진 | B9: — | C9: transport 카테고리 | D9: 미확정 | F9: Firestore·Auth 는 확장 단계
A10: 이주란 | B10: — | C10: 검증 · 고정 발화 평가셋 | D10: 미확정 | F10: 규칙회귀 시트 실행
A11: (대리 담당) | B11: — | C11: 최성빈 부재 시 배포·대응 대행 | D11: 미확정 | F11: 필수 지정 — 비워두면 단일 장애점이 그대로 남습니다
A13: 미확정 건수 | C13: =COUNTIF(D5:D11,"미확정") -> 7
A14: 협업 규칙: ① git add -A 금지 ② git reset --hard 금지 ③ **마지막 정상 배포 이후 추가 배포 2회 초과 금지**(무료 플랜 롤백은 직전 2개 배포만 보관) ④ 시연 전날 배포 동결

Sheet 기록
A1: 배포·장애 기록 — 최신이 위
A2: 같은 시나리오가 두 번 나오면 런북의 해당 F 항목을 고치세요. 문서가 안 고쳐지면 같은 장애가 세 번 납니다.
A4: 시각 | B4: 내용(증상/결과) | C4: 판정 시나리오 | D4: 확인 근거 | E4: 조치 계층 | F4: 복구까지 | G4: 남은 것 / 재발 방지
A5: 2026-10-06 16:41Z (KST 10/07 01:41) | B5: **배포 성공 — 장애 아님, 기록용** | C5: — | D5: 빌드 successful · 서비스 live · GET / 200 · HEAD / 200 · GET /health 200 (다수) | E5: — | F5: — | G5: 미확인: 배포 브랜치·SHA, /health **본문**, 실제 생성·말하기. 서비스명 codyssey-final / PYTHON_VERSION 미적용 확인 필요
A44: 롤백 3계층 — 시연 중에는 C(환경변수) 먼저: 배포 없이 즉시. A는 무료 플랜에서 직전 2개 배포만 가능하며 새 배포가 창을 소모합니다.
